Pos,Team,Name,G,Snaps,TeamSnaps,Snap%,RushPerc,TargetP,TouchPerc,FP,FPPerSnap
QB,GB,Aaron Rodgers,16,983,1056.989247311828,93,3,0,57,336.3,0.34211597151576806
QB,PIT,Ben Roethlisberger,16,1076,1086.8686868686868,99,2,0,58,228.0,0.21189591078066913
QB,NYJ,Joe Flacco,2,66,137.5,48,3,0,67,23.8,0.3606060606060606
QB,BAL,Josh Johnson,4,128,284.44444444444446,45,7,0,73,48.4,0.378125
QB,ATL,Matt Ryan,17,1023,1054.639175257732,97,4,0,59,234.8,0.2295210166177908
QB,LAR,Matthew Stafford,17,1065,1086.734693877551,98,3,0,59,346.8,0.3256338028169014
QB,TB,Tom Brady,17,1139,1186.4583333333335,96,2,0,66,386.7,0.3395083406496927
QB,ARI,Colt McCoy,7,209,509.75609756097555,41,11,0,58,42.3,0.20239234449760765
QB,CAR,Cam Newton,8,252,525.0,48,19,0,69,91.3,0.3623015873015873
QB,CHI,Andy Dalton,8,412,549.3333333333334,75,4,0,61,93.1,0.22597087378640776
QB,HOU,Tyrod Taylor,6,323,380.0,85,6,0,52,86.7,0.26842105263157895
QB,TEN,Ryan Tannehill,17,1168,1191.8367346938776,98,5,0,50,282.3,0.24169520547945206
QB,CHI,Nick Foles,1,74,74.0,100,5,0,53,16.8,0.22702702702702704
QB,MIN,Kirk Cousins,16,1087,1087.0,100,3,0,54,307.3,0.2827046918123275
QB,SEA,Russell Wilson,14,788,812.3711340206186,97,5,0,56,248.7,0.31560913705583754
QB,CLE,Case Keenum,5,169,338.0,50,7,0,50,29.6,0.17514792899408285
QB,NYG,Mike Glennon,6,315,398.73417721518985,79,2,0,55,40.9,0.12984126984126984
QB,SEA,Geno Smith,4,203,241.66666666666669,84,4,0,51,55.3,0.27241379310344827
QB,DEN,Teddy Bridgewater,14,844,927.4725274725274,91,4,0,54,209.8,0.24857819905213271
QB,LV,Derek Carr,17,1127,1138.3838383838383,99,4,0,59,270.6,0.24010647737355814
QB,SF,Jimmy Garoppolo,15,913,961.0526315789473,95,4,0,52,239.5,0.2623220153340635
QB,WAS,Garrett Gilbert,1,55,55.0,100,0,0,56,7.8,0.14181818181818182
QB,NO,Jameis Winston,7,371,441.6666666666667,84,9,0,52,120.3,0.3242587601078167
QB,MIN,Sean Mannion,1,51,54.25531914893617,94,4,0,75,13.0,0.2549019607843137
QB,WAS,Taylor Heinicke,16,1019,1072.6315789473683,95,6,0,54,236.7,0.2322865554465162
QB,NO,Trevor Siemian,6,359,412.64367816091954,87,3,0,55,93.2,0.2596100278551532
QB,DET,Jared Goff,14,918,927.2727272727273,99,2,0,56,202.4,0.220479302832244
QB,IND,Carson Wentz,17,1091,1113.265306122449,98,5,0,53,264.9,0.24280476626947753
QB,DAL,Dak Prescott,16,1113,1159.375,96,4,0,58,330.4,0.2968553459119497
QB,MIA,Jacoby Brissett,11,376,723.0769230769231,52,5,0,65,76.4,0.20319148936170214
QB,KC,Patrick Mahomes II,17,1164,1200.0,97,6,0,62,374.2,0.3214776632302405
QB,DAL,Cooper Rush,4,110,282.05128205128204,39,8,0,51,25.1,0.2281818181818182
QB,CLE,Nick Mullens,1,56,56.0,100,0,0,54,9.9,0.1767857142857143
QB,CAR,P.J. Walker,5,126,331.57894736842104,38,6,0,58,16.8,0.13333333333333333
QB,NO,Taysom Hill,12,431,769.6428571428571,56,16,1,48,122.8,0.28491879350348026
QB,BAL,Lamar Jackson,12,810,890.1098901098901,91,17,0,64,253.0,0.31234567901234567
QB,PIT,Mason Rudolph,2,97,159.01639344262296,61,5,0,65,19.4,0.19999999999999998
QB,CAR,Sam Darnold,12,771,829.0322580645161,93,6,0,59,170.5,0.22114137483787288
QB,CLE,Baker Mayfield,14,877,913.5416666666667,96,4,0,52,193.8,0.22098061573546182
QB,BUF,Josh Allen,17,1161,1196.9072164948454,97,11,0,66,417.7,0.3597760551248923
QB,NYJ,Mike White,4,211,301.4285714285714,70,2,0,65,52.0,0.24644549763033174
QB,DET,Tim Boyle,4,179,235.52631578947367,76,1,0,54,30.4,0.16983240223463686
QB,DEN,Drew Lock,6,234,354.5454545454545,66,4,0,52,52.8,0.22564102564102562
QB,NYG,Daniel Jones,11,673,708.4210526315788,95,9,0,63,173.6,0.2579494799405646
QB,PHI,Gardner Minshew II,3,159,209.21052631578948,76,6,0,43,34.6,0.21761006289308177
QB,ARI,Kyler Murray,14,940,969.0721649484536,97,9,0,61,310.5,0.3303191489361702
QB,LAC,Justin Herbert,17,1191,1191.0,100,5,0,62,395.6,0.33215785054575986
QB,CIN,Joe Burrow,16,1007,1048.9583333333335,96,4,0,56,328.1,0.32581926514399207
QB,MIA,Tua Tagovailoa,13,777,893.1034482758621,87,5,0,55,190.9,0.2456885456885457
QB,NYG,Jake Fromm,3,113,198.2456140350877,57,7,0,60,13.9,0.12300884955752213
QB,GB,Jordan Love,6,131,385.2941176470588,34,9,0,56,24.2,0.1847328244274809
QB,PHI,Jalen Hurts,15,954,973.469387755102,98,15,0,60,321.2,0.33668763102725363
QB,BAL,Tyler Huntley,7,373,510.95890410958907,73,13,0,63,86.7,0.2324396782841823
QB,JAC,Trevor Lawrence,17,1078,1088.888888888889,99,7,0,63,216.0,0.20037105751391465
QB,CHI,Justin Fields,12,635,755.952380952381,84,11,0,54,136.9,0.21559055118110237
QB,SF,Trey Lance,6,178,395.55555555555554,45,21,0,61,67.0,0.37640449438202245
QB,NE,Mac Jones,17,1065,1109.375,96,4,0,53,238.0,0.22347417840375586
QB,NO,Ian Book,1,50,52.083333333333336,96,6,0,46,4.0,0.08
QB,NYJ,Zach Wilson,13,741,788.2978723404254,94,4,0,56,162.9,0.21983805668016196
QB,HOU,Davis Mills,13,743,798.9247311827957,93,2,0,55,167.0,0.22476446837146702
WR,HOU,Danny Amendola,8,191,502.63157894736844,38,0,20,13,44.8,0.2345549738219895
WR,LV,DeSean Jackson,14,292,884.8484848484848,33,0,12,7,55.8,0.1910958904109589
WR,BUF,Emmanuel Sanders,14,747,970.1298701298701,77,0,10,6,89.7,0.12008032128514057
WR,TB,Antonio Brown,7,268,496.29629629629625,54,0,23,16,79.1,0.29514925373134326
WR,ARI,A.J. Green,16,888,1096.2962962962963,81,0,10,6,102.8,0.11576576576576576
WR,TEN,Julio Jones,10,393,677.5862068965517,58,0,12,8,49.4,0.12569974554707378
WR,GB,Randall Cobb,11,348,725.0,48,0,11,8,65.6,0.18850574712643678
WR,SF,Mohamed Sanu Sr.,8,240,510.6382978723404,47,0,10,6,17.7,0.07375
WR,IND,T.Y. Hilton,10,337,635.8490566037735,53,0,11,7,51.1,0.1516320474777448
WR,JAC,Marvin Jones Jr.,17,980,1088.888888888889,90,0,12,7,107.2,0.10938775510204082
WR,BUF,Cole Beasley,16,691,1114.516129032258,62,0,16,12,77.3,0.11186685962373372
WR,CHI,Marquise Goodwin,14,393,913.953488372093,43,1,10,6,37.2,0.09465648854961833
WR,ARI,DeAndre Hopkins,10,560,674.6987951807229,83,0,11,8,105.2,0.18785714285714286
WR,LAR,Robert Woods,9,543,583.8709677419355,93,1,13,10,92.2,0.1697974217311234
WR,NO,Kenny Stills,7,171,462.1621621621622,37,1,13,4,12.9,0.07543859649122807
WR,LAC,Keenan Allen,16,972,1130.2325581395348,86,0,16,11,151.8,0.15617283950617286
WR,JAC,Tavon Austin,12,281,759.4594594594595,37,1,14,10,27.4,0.09750889679715302
WR,BAL,Sammy Watkins,11,441,801.8181818181818,55,0,11,6,43.4,0.09841269841269841
WR,TB,Mike Evans,16,915,1115.8536585365853,82,0,12,8,188.5,0.20601092896174864
WR,HOU,Brandin Cooks,16,831,1001.2048192771083,83,0,16,11,141.8,0.1706377858002407
WR,GB,Davante Adams,16,886,1042.3529411764707,85,0,19,14,221.3,0.2497742663656885
WR,CHI,Allen Robinson II,12,617,771.25,80,0,11,6,49.0,0.07941653160453808
WR,LAR,Odell Beckham Jr.,14,666,925.0,72,0,12,7,85.1,0.12777777777777777
WR,CLE,Jarvis Landry,12,533,761.4285714285713,70,1,16,11,81.0,0.15196998123827393
WR,MIA,Albert Wilson,10,320,680.8510638297872,47,1,12,9,23.0,0.071875
WR,MIN,Adam Thielen,13,758,902.3809523809524,84,0,13,9,132.8,0.17519788918205806
WR,DAL,Amari Cooper,15,834,1097.3684210526317,76,0,12,8,134.5,0.16127098321342925
WR,MIA,DeVante Parker,10,539,665.4320987654321,81,0,14,7,63.5,0.11781076066790352
WR,NE,Nelson Agholor,15,707,968.4931506849315,73,0,9,6,66.4,0.09391796322489393
WR,SEA,Tyler Lockett,16,813,934.4827586206897,87,0,13,9,168.4,0.2071340713407134
WR,TB,Breshad Perriman,5,151,368.29268292682923,41,1,12,8,22.4,0.14834437086092714
WR,NYJ,Jamison Crowder,12,538,779.7101449275361,69,0,13,9,58.7,0.10910780669144982
WR,BUF,Stefon Diggs,17,977,1191.4634146341461,82,0,17,11,182.5,0.18679631525076765
WR,WAS,DeAndre Carter,17,505,1122.2222222222222,45,2,9,7,62.5,0.12376237623762376
WR,HOU,Chris Conley,14,567,900.0,63,0,7,4,42.6,0.07513227513227513
WR,CHI,Damiere Byrd,11,465,762.2950819672132,61,0,8,6,38.9,0.08365591397849462
WR,DET,Tyrell Williams,1,39,92.85714285714286,42,0,8,5,1.4,0.035897435897435895
WR,WAS,Adam Humphries,17,658,1134.4827586206898,58,0,9,6,38.3,0.05820668693009118
WR,JAC,Laquon Treadwell,12,485,734.8484848484848,66,0,11,7,49.4,0.10185567010309278
WR,CIN,Tyler Boyd,16,807,1048.051948051948,77,0,12,9,116.8,0.14473358116480792
WR,NYG,Sterling Shepard,7,344,464.8648648648649,74,0,15,11,41.7,0.12122093023255814
WR,CLE,Rashard Higgins,12,478,810.1694915254237,59,0,10,5,33.5,0.0700836820083682
WR,ATL,Tajae Sharpe,14,500,877.1929824561403,57,0,7,5,23.0,0.046
WR,MIA,William Fuller V,2,65,135.41666666666669,48,0,12,6,4.6,0.07076923076923076
WR,HOU,Chris Moore,10,214,629.4117647058823,34,0,10,10,34.7,0.16214953271028038
WR,KC,Demarcus Robinson,15,621,1070.689655172414,58,0,7,4,44.4,0.0714975845410628
WR,CAR,Robbie Anderson,17,978,1150.5882352941176,85,0,11,6,85.5,0.08742331288343558
WR,KC,Tyreek Hill,17,867,1187.6712328767123,73,1,18,14,185.5,0.21395617070357556
WR,TEN,Marcus Johnson,7,200,454.54545454545456,44,1,10,6,15.8,0.079
WR,DET,Geronimo Allison,1,32,69.56521739130434,46,0,6,0,0.0,0.0
WR,TEN,Chester Rogers,16,464,1104.7619047619048,42,0,9,7,35.0,0.07543103448275862
WR,DET,Kalif Raymond,16,742,1045.0704225352113,71,1,10,7,84.4,0.11374663072776281
WR,LAC,Mike Williams,16,896,1134.1772151898733,79,0,14,8,170.6,0.1904017857142857
WR,NYJ,Corey Davis,9,450,569.620253164557,79,0,13,8,71.2,0.15822222222222224
WR,NYG,John Ross,9,208,594.2857142857142,35,0,10,6,30.0,0.14423076923076922
WR,TB,Chris Godwin,14,833,980.0,85,0,15,12,144.4,0.17334933973589436
WR,PIT,JuJu Smith-Schuster,5,222,321.73913043478257,69,1,13,8,19.8,0.0891891891891892
WR,LV,Zay Jones,15,614,1023.3333333333334,60,0,11,8,58.9,0.09592833876221499
WR,LAR,Cooper Kupp,17,1024,1089.3617021276596,94,0,19,15,294.5,0.28759765625
WR,DET,Josh Reynolds,11,470,746.031746031746,63,0,10,6,51.6,0.1097872340425532
WR,DAL,Noah Brown,10,274,721.0526315789474,38,0,9,6,18.4,0.06715328467153284
WR,NYG,Kenny Golladay,14,666,900.0,74,0,11,6,52.1,0.07822822822822822
WR,MIA,Mack Hollins,16,338,1090.3225806451612,31,0,8,4,46.3,0.13698224852071006
WR,TEN,Cody Hollister,3,147,213.04347826086953,69,0,5,3,3.3,0.022448979591836733
WR,DEN,Tim Patrick,16,849,1022.8915662650602,83,0,10,6,103.4,0.12179034157832745
WR,JAC,Jamal Agnew,10,260,634.1463414634146,41,3,15,12,52.0,0.2
WR,NYJ,Keelan Cole Sr.,14,541,886.8852459016393,61,0,9,5,50.9,0.09408502772643253
WR,IND,Zach Pascal,16,872,1038.095238095238,84,0,8,5,56.5,0.06479357798165138
WR,NE,Kendrick Bourne,17,573,1101.923076923077,52,2,12,12,125.5,0.21902268760907503
WR,TB,Cyril Grayson Jr.,3,108,203.77358490566036,53,1,11,10,34.6,0.32037037037037036
WR,CAR,Brandon Zylstra,12,321,823.0769230769231,39,0,8,6,31.0,0.09657320872274143
WR,DEN,Courtland Sutton,17,920,1082.3529411764707,85,0,11,6,92.2,0.10021739130434783
WR,PIT,James Washington,15,480,1021.2765957446808,47,0,9,5,41.8,0.08708333333333333
WR,PIT,Anthony Miller,3,95,163.79310344827587,58,0,13,6,8.5,0.08947368421052632
WR,ATL,Calvin Ridley,5,299,343.67816091954023,87,0,17,10,40.1,0.13411371237458194
WR,DAL,Michael Gallup,9,498,672.972972972973,74,0,12,7,56.5,0.11345381526104417
WR,NO,Tre'Quan Smith,10,506,683.7837837837837,74,0,10,6,55.7,0.11007905138339921
WR,DAL,Cedrick Wilson Jr.,14,526,1011.5384615384615,52,0,12,10,102.8,0.19543726235741443
WR,NYG,Dante Pettis,3,82,205.0,40,0,20,13,15.3,0.18658536585365854
WR,CAR,DJ Moore,17,992,1153.4883720930234,86,1,16,10,144.5,0.14566532258064516
WR,ARI,Christian Kirk,17,894,1176.3157894736842,76,0,12,9,130.6,0.14608501118568232
WR,NYJ,Braxton Berrios,16,390,1026.3157894736842,38,2,17,14,75.1,0.19256410256410256
WR,JAC,DJ Chark Jr.,3,167,198.80952380952382,84,0,13,4,27.4,0.16407185628742513
WR,GB,Allen Lazard,14,674,923.2876712328767,73,0,9,6,102.5,0.15207715133531158
WR,CIN,Auden Tate,4,84,247.05882352941174,34,0,5,4,9.9,0.11785714285714285
WR,GB,Equanimeous St. Brown,12,289,802.7777777777778,36,1,6,4,11.2,0.03875432525951557
WR,GB,Marquez Valdes-Scantling,11,455,733.8709677419355,62,0,12,6,61.0,0.13406593406593406
WR,PIT,Ray-Ray McCloud,16,538,1120.8333333333335,48,0,12,8,27.2,0.05055762081784387
WR,ATL,Russell Gage,13,576,778.3783783783784,74,0,16,11,97.0,0.1684027777777778
WR,KC,Byron Pringle,16,556,1134.6938775510205,49,0,11,8,84.8,0.15251798561151078
WR,CAR,Keith Kirkwood,3,74,211.42857142857142,35,0,9,4,1.7,0.02297297297297297
WR,WAS,Cam Sims,12,266,782.3529411764705,34,0,9,6,33.8,0.12706766917293233
WR,TEN,A.J. Brown,13,604,875.3623188405796,69,0,17,11,117.9,0.19519867549668876
WR,SEA,DK Metcalf,17,820,987.9518072289155,83,0,16,9,169.3,0.20646341463414636
WR,NE,N'Keal Harry,10,289,656.8181818181819,44,0,8,4,16.4,0.05674740484429065
WR,BAL,Marquise Brown,16,924,1155.0,80,0,16,10,135.3,0.14642857142857144
WR,SF,Deebo Samuel,16,829,1036.25,80,7,15,17,262.0,0.316043425814234
WR,NYG,Collin Johnson,8,171,534.375,32,0,12,6,10.5,0.06140350877192982
WR,LV,Hunter Renfrow,17,758,1148.4848484848485,66,0,17,14,156.1,0.2059366754617414
WR,IND,Parris Campbell,6,177,384.78260869565213,46,0,11,6,22.2,0.12542372881355932
WR,WAS,Terry McLaurin,17,1010,1122.2222222222222,90,0,13,8,136.5,0.13514851485148516
WR,NYG,David Sills V,4,98,264.86486486486484,37,0,6,2,1.7,0.017346938775510204
WR,KC,Mecole Hardman,17,623,1198.076923076923,52,1,13,11,81.9,0.1314606741573034
WR,NO,Lil'Jordan Humphrey,8,182,491.8918918918919,37,0,10,7,36.9,0.20274725274725275
WR,NE,Jakobi Meyers,16,904,1051.1627906976744,86,0,14,10,103.3,0.11426991150442478
WR,ARI,Antoine Wesley,8,405,562.5,72,0,8,5,38.8,0.09580246913580247
WR,MIA,Preston Williams,6,158,415.7894736842105,38,1,10,4,7.8,0.049367088607594936
WR,PIT,Diontae Johnson,16,988,1085.7142857142858,91,1,17,11,167.4,0.1694331983805668
WR,PIT,Chase Claypool,15,823,1028.75,80,2,13,9,107.6,0.1307411907654921
WR,TB,Tyler Johnson,16,600,1111.111111111111,54,0,9,6,36.0,0.06
WR,LV,Bryan Edwards,16,811,1067.1052631578948,76,0,7,4,75.1,0.09260172626387175
WR,GB,Juwann Winfree,5,135,337.5,40,0,10,6,3.8,0.028148148148148148
WR,NYG,Darius Slayton,13,536,837.5,64,0,11,5,42.6,0.07947761194029851
WR,TB,Scotty Miller,6,123,410.0,30,2,7,6,14.1,0.1146341463414634
WR,NYJ,Jeff Smith,9,198,582.3529411764705,34,1,9,5,11.2,0.05656565656565656
WR,DET,Trinity Benson,7,234,487.5,48,0,9,4,10.3,0.04401709401709402
WR,ATL,Olamide Zaccheaus,15,562,906.4516129032259,62,0,9,6,58.8,0.10462633451957296
WR,NO,Deonte Harty,13,298,827.7777777777778,36,2,20,14,77.1,0.25872483221476505
WR,LAC,Jason Moore Jr.,1,45,61.64383561643836,73,0,9,7,5.6,0.12444444444444444
WR,LAC,Jalen Guyton,16,613,1135.1851851851852,54,1,8,6,66.2,0.10799347471451877
WR,NYJ,D.J. Montgomery,2,47,123.6842105263158,38,0,13,6,3.6,0.07659574468085106
WR,DEN,Jerry Jeudy,10,412,633.8461538461538,65,0,14,10,47.0,0.11407766990291263
WR,DAL,CeeDee Lamb,16,881,1159.2105263157894,76,1,14,10,153.8,0.17457434733257662
WR,LV,Henry Ruggs III,7,334,484.0579710144927,69,1,11,8,60.5,0.18113772455089822
WR,CIN,Tee Higgins,14,710,934.2105263157895,76,0,15,10,145.1,0.2043661971830986
WR,PHI,Jalen Reagor,17,750,1119.4029850746267,67,1,8,6,45.1,0.06013333333333334
WR,JAC,Laviska Shenault Jr.,16,697,1010.1449275362318,69,2,14,11,64.0,0.09182209469153516
WR,PHI,DeVonta Smith,17,916,1117.0731707317073,82,0,11,7,121.6,0.13275109170305677
WR,MIN,Justin Jefferson,17,1014,1139.3258426966293,89,1,16,12,222.4,0.2193293885601578
WR,SF,Brandon Aiyuk,17,906,1091.5662650602408,83,1,9,7,114.3,0.12615894039735098
WR,DEN,KJ Hamler,3,88,200.0,44,0,11,6,7.4,0.08409090909090909
WR,BAL,Devin Duvernay,16,603,1182.3529411764705,51,1,8,7,44.2,0.07330016583747928
WR,IND,Michael Pittman Jr.,17,979,1112.5,88,1,13,9,150.6,0.15383043922369766
WR,CLE,Donovan Peoples-Jones,14,699,907.7922077922078,77,0,8,5,75.7,0.10829756795422033
WR,NYJ,Denzel Mims,10,269,640.4761904761905,42,0,9,3,13.3,0.04944237918215614
WR,BAL,James Proche II,7,152,475.0,32,0,13,11,20.2,0.13289473684210526
WR,DET,Quintez Cephus,5,212,353.33333333333337,60,0,10,7,34.4,0.16226415094339622
WR,BUF,Gabriel Davis,15,550,1057.6923076923076,52,0,11,6,90.9,0.1652727272727273
WR,LAR,Van Jefferson,17,875,1093.75,80,0,10,6,118.2,0.13508571428571428
WR,NO,Marquez Callaway,17,833,1096.0526315789473,76,0,10,6,105.8,0.12701080432172868
WR,SF,Jauan Jennings,13,323,850.0,38,0,12,7,58.2,0.1801857585139319
WR,MIN,K.J. Osborn,17,774,1138.235294117647,68,0,11,7,108.5,0.14018087855297157
WR,PHI,Quez Watkins,17,771,1117.391304347826,69,0,8,6,73.0,0.0946822308690013
WR,SEA,Freddie Swain,17,592,986.6666666666667,60,1,7,5,61.5,0.10388513513513513
WR,TEN,Nick Westbrook-Ikhine,15,632,1053.3333333333335,60,0,9,6,69.6,0.110126582278481
WR,CIN,Ja'Marr Chase,17,939,1104.7058823529412,85,1,14,9,223.6,0.23812566560170392
WR,MIA,Jaylen Waddle,16,903,1087.9518072289156,83,0,16,12,141.8,0.15703211517165006
WR,BAL,Rashod Bateman,12,604,888.235294117647,68,0,11,8,57.5,0.09519867549668874
WR,ARI,Rondale Moore,14,432,960.0,45,4,15,17,55.1,0.1275462962962963
WR,DET,Amon-Ra St. Brown,16,773,1030.6666666666667,75,1,15,13,137.3,0.1776196636481242
WR,CHI,Darnell Mooney,17,986,1120.4545454545455,88,1,14,9,138.7,0.14066937119675454
WR,NE,Kristian Wilkerson,1,60,74.07407407407408,81,0,13,7,16.2,0.26999999999999996
WR,DEN,Kendall Hinton,11,234,731.25,32,0,10,7,23.5,0.10042735042735043
WR,TEN,Dez Fitzpatrick,3,89,202.27272727272728,44,0,9,6,10.9,0.12247191011235956
WR,WAS,Dyami Brown,10,281,624.4444444444445,45,0,9,5,16.1,0.05729537366548043
WR,NYJ,Elijah Moore,11,476,732.3076923076923,65,1,16,10,95.2,0.2
WR,DEN,Seth Williams,1,43,58.9041095890411,73,0,2,2,3.4,0.07906976744186046
WR,NYG,Kadarius Toney,9,282,587.5,48,1,20,16,43.4,0.15390070921985816
WR,CHI,Dazz Newsome,3,103,228.88888888888889,45,0,5,2,2.3,0.02233009708737864
WR,CLE,Anthony Schwartz,13,282,854.5454545454545,33,2,8,6,23.4,0.08297872340425531
WR,HOU,Nico Collins,14,536,908.4745762711865,59,0,11,6,50.6,0.09440298507462687
WR,SEA,Dee Eskridge,8,164,482.35294117647055,34,2,12,9,18.3,0.11158536585365854
WR,LAC,Joshua Palmer,15,441,1050.0,42,0,11,8,59.9,0.13582766439909297
WR,CAR,Terrace Marshall Jr.,12,392,816.6666666666667,48,0,8,4,15.8,0.040306122448979596
WR,HOU,Jalen Camp,1,22,68.75,32,0,0,0,0.0,0.0
WR,IND,Mike Strachan,2,52,144.44444444444446,36,0,6,4,2.6,0.05
RB,NO,Mark Ingram II,14,400,888.8888888888889,45,40,9,47,81.6,0.204
RB,NE,Brandon Bolden,16,342,1036.3636363636363,33,13,14,25,83.1,0.24298245614035086
RB,ATL,Cordarrelle Patterson,16,473,1006.3829787234042,47,32,15,44,182.6,0.386046511627907
RB,TB,Le'Veon Bell,8,170,586.2068965517242,29,23,4,26,33.1,0.19470588235294117
RB,HOU,Rex Burkhead,15,367,941.025641025641,39,33,9,40,79.3,0.21607629427792915
RB,SF,Kyle Juszczyk,15,549,963.157894736842,57,1,7,7,43.8,0.07978142076502731
RB,BAL,Latavius Murray,14,378,994.7368421052631,38,31,3,34,93.6,0.2476190476190476
RB,JAC,Carlos Hyde,12,292,768.421052631579,38,25,8,29,33.8,0.11575342465753424
RB,BAL,Devonta Freeman,16,528,1173.3333333333333,45,25,8,32,112.6,0.21325757575757576
RB,NE,James White,3,63,203.2258064516129,31,16,22,35,19.2,0.30476190476190473
RB,DEN,Melvin Gordon III,16,514,1007.843137254902,51,39,7,45,167.2,0.3252918287937743
RB,MIA,Duke Johnson Jr.,5,149,338.6363636363636,44,48,3,50,55.1,0.3697986577181208
RB,ATL,Mike Davis,17,594,1060.7142857142856,56,23,10,31,94.2,0.15858585858585858
RB,HOU,David Johnson,13,317,792.5,40,21,13,31,49.3,0.1555205047318612
RB,MIA,Malcolm Brown,6,124,400.0,31,27,4,29,19.5,0.15725806451612903
RB,NO,Ty Montgomery,14,300,882.3529411764705,34,5,9,10,13.9,0.04633333333333334
RB,DAL,Ezekiel Elliott,17,809,1225.7575757575758,66,29,8,35,205.1,0.2535228677379481
RB,TEN,Derrick Henry,8,411,578.8732394366198,71,53,5,58,175.3,0.4265206812652068
RB,SEA,Alex Collins,11,257,626.8292682926829,41,42,4,46,59.8,0.2326848249027237
RB,NYG,Devontae Booker,16,519,1038.0,50,28,9,36,104.1,0.2005780346820809
RB,PHI,Jordan Howard,7,153,463.6363636363636,33,56,3,58,60.5,0.3954248366013072
RB,LV,Kenyan Drake,12,280,799.9999999999999,35,23,14,33,72.5,0.25892857142857145
RB,MIN,C.J. Ham,15,330,1000.0,33,2,5,7,15.9,0.04818181818181818
RB,WAS,J.D. McKissic,11,343,762.2222222222222,45,14,15,27,84.9,0.24752186588921285
RB,MIN,Dalvin Cook,13,608,856.3380281690141,71,41,8,47,172.3,0.28338815789473687
RB,TB,Leonard Fournette,14,623,988.8888888888889,63,29,13,40,186.6,0.29951845906902086
RB,CAR,Christian McCaffrey,7,272,453.33333333333337,60,36,15,50,90.5,0.3327205882352941
RB,TEN,D'Onta Foreman,9,230,605.2631578947369,38,58,5,62,84.9,0.3691304347826087
RB,CIN,Joe Mixon,16,697,1040.2985074626865,67,42,7,48,245.9,0.3527977044476327
RB,NO,Alvin Kamara,13,627,836.0,75,38,11,46,187.7,0.2993620414673046
RB,DET,Jamaal Williams,13,317,834.2105263157895,38,48,9,56,93.8,0.29589905362776026
RB,CLE,Kareem Hunt,8,234,531.8181818181819,44,33,12,43,88.0,0.37606837606837606
RB,TEN,Jeremy McNichols,13,268,924.1379310344828,29,15,14,26,45.6,0.1701492537313433
RB,ARI,James Conner,15,598,1031.0344827586207,58,34,7,40,220.7,0.36906354515050166
RB,LAC,Austin Ekeler,16,731,1142.1875,64,28,13,38,273.8,0.3745554035567716
RB,GB,Aaron Jones,15,578,979.6610169491526,59,30,11,39,177.0,0.3062283737024221
RB,SEA,Chris Carson,4,124,217.5438596491228,57,44,5,48,42.1,0.3395161290322581
RB,BAL,Patrick Ricard,8,376,606.4516129032259,62,1,3,3,12.7,0.03377659574468085
RB,NYG,Saquon Barkley,13,513,840.983606557377,61,32,11,40,107.6,0.2097465886939571
RB,CLE,Nick Chubb,14,482,909.4339622641509,53,47,5,51,195.3,0.40518672199170125
RB,MIA,Myles Gaskin,17,575,1150.0,50,30,11,39,124.6,0.21669565217391304
RB,IND,Nyheim Hines,17,352,1100.0,32,16,16,27,72.6,0.20625
RB,SEA,Rashaad Penny,10,253,588.3720930232558,43,47,3,49,115.7,0.4573122529644269
RB,LAR,Sony Michel,17,538,1097.9591836734694,49,39,6,43,125.3,0.2328996282527881
RB,ARI,Chase Edmonds,12,476,835.0877192982455,57,24,11,33,100.3,0.21071428571428572
RB,KC,Darrel Williams,17,568,1183.3333333333335,48,25,10,34,149.0,0.2623239436619718
RB,SF,Jeff Wilson Jr.,9,228,584.6153846153846,39,35,4,38,44.5,0.19517543859649122
RB,TEN,Dontrell Hilliard,8,198,565.7142857142857,35,28,13,38,53.7,0.27121212121212124
RB,NE,Damien Harris,15,407,969.047619047619,42,50,5,54,192.1,0.47199017199017196
RB,CHI,David Montgomery,13,642,856.0,75,35,8,42,154.0,0.2398753894080997
RB,LV,Josh Jacobs,15,625,992.063492063492,63,35,10,43,172.0,0.2752
RB,BUF,Devin Singletary,17,718,1196.6666666666667,60,26,7,32,157.8,0.2197771587743733
RB,PHI,Miles Sanders,12,426,803.7735849056603,53,32,8,38,91.2,0.21408450704225354
RB,NYJ,Ty Johnson,15,408,971.4285714285714,42,15,13,23,83.0,0.2034313725490196
RB,LAR,Darrell Henderson Jr.,12,507,780.0,65,29,8,35,134.4,0.2650887573964497
RB,MIN,Alexander Mattison,16,377,1077.142857142857,35,36,10,44,93.9,0.2490716180371353
RB,DAL,Tony Pollard,15,374,1100.0,34,35,12,45,123.6,0.33048128342245986
RB,DET,Craig Reynolds,5,118,318.9189189189189,37,47,7,53,28.2,0.23898305084745763
RB,CLE,D'Ernest Johnson,13,322,847.3684210526316,38,31,8,37,85.1,0.2642857142857143
RB,DET,D'Andre Swift,13,560,835.820895522388,67,27,14,38,146.9,0.2623214285714286
RB,IND,Jonathan Taylor,17,767,1111.5942028985505,69,43,7,49,333.1,0.4342894393741852
RB,BUF,Zack Moss,13,380,904.7619047619048,42,25,8,31,82.2,0.2163157894736842
RB,PIT,Najee Harris,17,980,1166.6666666666667,84,31,10,39,226.7,0.2313265306122449
RB,KC,Clyde Edwards-Helaire,10,342,684.0,50,35,7,40,97.5,0.2850877192982456
RB,GB,AJ Dillon,17,476,1106.9767441860465,43,39,8,46,151.6,0.31848739495798317
RB,CAR,Rodney Smith,1,26,70.27027027027027,37,0,19,19,4.8,0.1846153846153846
RB,WAS,Antonio Gibson,16,604,1059.6491228070174,57,43,9,50,187.1,0.3097682119205298
RB,SF,JaMycal Hasty,2,41,124.24242424242424,33,15,15,27,13.7,0.3341463414634146
RB,JAC,James Robinson,14,530,913.7931034482759,58,31,9,37,142.9,0.269622641509434
RB,PHI,Jason Huntley,1,31,73.80952380952381,42,42,3,42,5.1,0.16451612903225804
RB,CAR,Chuba Hubbard,16,464,1104.7619047619048,42,37,8,42,112.6,0.24267241379310345
RB,NE,Rhamondre Stevenson,12,265,779.4117647058823,34,50,7,55,100.9,0.3807547169811321
RB,NYJ,Michael Carter,14,449,898.0,50,33,12,41,118.4,0.26369710467706015
RB,DEN,Javonte Williams,17,551,1080.392156862745,51,37,10,45,161.9,0.29382940108892924
RB,SF,Elijah Mitchell,11,441,689.0625,64,47,5,51,146.0,0.3310657596371882
TE,LAC,Jared Cook,16,644,1129.8245614035086,57,0,13,7,84.4,0.13105590062111802
TE,GB,Marcedes Lewis,13,387,860.0,45,0,7,6,21.4,0.05529715762273901
TE,TB,Rob Gronkowski,12,634,834.2105263157895,76,0,14,9,116.2,0.1832807570977918
TE,NYG,Kyle Rudolph,15,471,961.2244897959184,49,0,8,6,33.7,0.07154989384288749
TE,ATL,Lee Smith,10,231,641.6666666666667,36,0,5,4,12.5,0.05411255411255411
TE,KC,Travis Kelce,16,926,1129.2682926829268,82,0,14,10,170.8,0.18444924406047516
TE,ARI,Zach Ertz,17,849,1147.2972972972973,74,0,13,9,106.7,0.12567726737338045
TE,NYJ,Ryan Griffin,14,583,925.3968253968254,63,0,7,5,38.1,0.0653516295025729
TE,IND,Jack Doyle,15,619,982.5396825396825,63,0,7,5,50.2,0.08109854604200324
TE,WAS,Logan Thomas,5,289,332.18390804597703,87,0,9,6,35.6,0.12318339100346021
TE,PIT,Eric Ebron,8,246,559.0909090909091,44,0,7,5,20.5,0.08333333333333333
TE,PHI,Richard Rodgers,1,38,74.50980392156863,51,0,5,5,1.1,0.028947368421052635
TE,TB,Cameron Brate,16,451,1127.5,40,0,13,7,48.5,0.10753880266075388
TE,DET,Darren Fells,3,81,225.0,36,0,6,5,4.3,0.053086419753086415
TE,ARI,Maxx Williams,5,221,334.8484848484848,66,0,8,7,25.3,0.11447963800904978
TE,CHI,Jesse James,5,116,351.5151515151515,33,0,7,6,12.2,0.10517241379310344
TE,NYJ,Tyler Kroft,9,363,576.1904761904761,63,0,7,4,23.3,0.06418732782369146
TE,BAL,Nick Boyle,2,48,150.0,32,0,4,2,0.2,0.004166666666666667
TE,TEN,MyCole Pruitt,13,410,911.1111111111111,45,0,5,3,34.5,0.08414634146341464
TE,KC,Blake Bell,12,262,845.1612903225806,31,2,5,5,9.7,0.037022900763358776
TE,JAC,Chris Manhertz,10,244,642.1052631578947,38,0,4,2,13.1,0.05368852459016393
TE,CIN,C.J. Uzomah,16,802,1041.5584415584415,77,0,8,6,79.3,0.09887780548628429
TE,LV,Darren Waller,11,608,750.6172839506172,81,0,15,9,78.5,0.12911184210526316
TE,JAC,James O'Shaughnessy,7,286,461.2903225806452,62,0,12,8,26.4,0.0923076923076923
TE,TEN,Geoff Swaim,16,719,1106.1538461538462,65,0,6,4,39.0,0.054242002781641166
TE,BAL,Eric Tomlinson,7,166,535.483870967742,31,0,1,1,0.7,0.004216867469879518
TE,NE,Hunter Henry,16,735,1050.0,70,0,10,7,114.3,0.15551020408163266
TE,CLE,Austin Hooper,15,676,979.7101449275361,69,0,9,6,54.5,0.08062130177514792
TE,LAR,Tyler Higbee,15,883,959.7826086956521,92,0,10,7,86.0,0.09739524348810873
TE,NO,Nick Vannett,7,228,447.05882352941177,51,0,7,4,19.3,0.08464912280701754
TE,LAC,Stephen Anderson,14,287,956.6666666666667,30,0,7,6,22.5,0.078397212543554
TE,NO,Garrett Griffin,5,103,332.258064516129,31,0,4,4,3.9,0.037864077669902914
TE,TB,O.J. Howard,11,316,770.7317073170731,41,0,7,4,19.5,0.061708860759493674
TE,CLE,David Njoku,15,620,953.8461538461538,65,0,9,6,71.6,0.11548387096774193
TE,NYG,Evan Engram,15,722,975.6756756756757,74,0,10,7,56.5,0.07825484764542937
TE,MIA,Adam Shaheen,9,301,627.0833333333334,48,0,5,4,11.0,0.036544850498338874
TE,SEA,Gerald Everett,15,650,866.6666666666666,75,0,10,8,69.8,0.10738461538461538
TE,NE,Jonnu Smith,16,526,1031.3725490196077,51,2,9,7,39.4,0.07490494296577946
TE,SF,George Kittle,14,840,913.0434782608695,92,0,11,9,127.0,0.15119047619047618
TE,HOU,Antony Auclair,4,98,264.86486486486484,37,0,5,5,10.7,0.10918367346938775
TE,GB,Robert Tonyan,8,306,510.0,60,0,9,6,32.4,0.10588235294117647
TE,JAC,Jacob Hollister,7,174,470.27027027027026,37,0,8,5,11.5,0.06609195402298851
TE,IND,Mo Alie-Cox,17,609,1107.2727272727273,55,0,7,4,55.6,0.09129720853858785
TE,ARI,Darrell Daniels,10,217,700.0,31,0,2,0,0.0,0.0
TE,DAL,Blake Jarwin,8,275,585.1063829787233,47,0,6,4,21.6,0.07854545454545456
TE,DEN,Eric Saubert,10,220,647.0588235294117,34,0,5,4,10.7,0.04863636363636363
TE,WAS,Ricky Seals-Jones,11,489,740.9090909090909,66,0,10,6,39.1,0.07995910020449898
TE,LAR,Johnny Mundt,3,66,183.33333333333334,36,0,2,2,0.9,0.013636363636363637
TE,TEN,Anthony Firkser,15,396,1042.1052631578948,38,0,11,9,39.1,0.09873737373737373
TE,HOU,Pharaoh Brown,13,521,801.5384615384615,65,0,7,4,15.1,0.028982725527831092
TE,JAC,Dan Arnold,11,363,726.0,50,0,14,10,40.8,0.11239669421487603
TE,BAL,Mark Andrews,17,936,1248.0,75,0,16,12,194.1,0.20737179487179486
TE,PHI,Dallas Goedert,15,781,988.6075949367088,79,0,10,7,109.0,0.13956466069142126
TE,MIA,Mike Gesicki,17,828,1150.0,72,0,14,9,92.0,0.1111111111111111
TE,ATL,Hayden Hurst,12,387,758.8235294117646,51,0,8,7,38.1,0.09844961240310078
TE,DAL,Dalton Schultz,17,993,1225.9259259259259,81,0,10,8,130.8,0.13172205438066467
TE,CAR,Ian Thomas,14,572,922.5806451612904,62,0,5,3,18.8,0.032867132867132866
TE,HOU,Jordan Akins,12,322,766.6666666666667,42,0,10,8,17.7,0.05496894409937888
TE,MIA,Durham Smythe,16,687,1090.4761904761904,63,0,6,5,36.0,0.05240174672489083
TE,DEN,Noah Fant,16,843,1003.5714285714286,84,0,11,8,91.0,0.10794780545670225
TE,MIN,Tyler Conklin,17,924,1140.7407407407406,81,0,9,7,77.3,0.08365800865800865
TE,SF,Ross Dwelley,4,103,264.1025641025641,39,0,5,4,11.1,0.10776699029126213
TE,SEA,Will Dissly,13,446,768.9655172413794,58,0,6,5,29.1,0.06524663677130045
TE,DEN,Albert Okwuegbunam,14,421,895.7446808510638,47,0,10,8,43.0,0.1021377672209026
TE,DET,T.J. Hockenson,12,658,783.3333333333334,84,0,13,9,84.3,0.12811550151975684
TE,NYG,Kaden Smith,4,113,269.04761904761904,42,0,3,3,3.3,0.02920353982300885
TE,BUF,Tommy Sweeney,7,188,482.05128205128204,39,0,6,5,10.4,0.055319148936170216
TE,LV,Foster Moreau,15,685,992.7536231884058,69,0,6,4,55.3,0.08072992700729927
TE,LAR,Kendall Blanton,4,107,248.8372093023256,43,0,7,4,3.7,0.03457943925233645
TE,CIN,Drew Sample,10,262,655.0,40,0,6,4,8.1,0.030916030534351144
TE,PHI,Tyree Jackson,3,67,216.1290322580645,31,0,10,4,8.2,0.12238805970149252
TE,BUF,Dawson Knox,15,917,1054.0229885057472,87,0,8,5,115.1,0.12551799345692474
TE,PIT,Zach Gentry,10,317,660.4166666666667,48,0,8,6,16.7,0.05268138801261829
TE,LAC,Donald Parham Jr.,14,398,970.7317073170731,41,0,7,5,39.0,0.09798994974874371
TE,CHI,Cole Kmet,17,935,1126.5060240963855,83,0,10,7,61.2,0.06545454545454546
TE,LAR,Brycen Hopkins,1,22,66.66666666666666,33,0,5,5,0.9,0.04090909090909091
TE,CLE,Harrison Bryant,15,385,987.1794871794872,39,0,7,5,41.3,0.10727272727272727
TE,NO,Adam Trautman,11,571,741.5584415584416,77,0,8,5,36.3,0.06357267950963222
TE,GB,Josiah Deguara,14,349,918.421052631579,38,0,9,7,36.5,0.10458452722063037
TE,JAC,Luke Farrell,9,207,575.0,36,0,5,3,5.6,0.027053140096618356
TE,KC,Noah Gray,7,154,496.7741935483871,31,0,6,5,9.6,0.06233766233766234
TE,PHI,Noah Togiai,1,24,75.0,32,0,0,0,0.0,0.0
TE,HOU,Brevin Jordan,8,205,525.6410256410256,39,0,14,10,35.8,0.1746341463414634
TE,PIT,Pat Freiermuth,16,683,1101.6129032258063,62,0,12,9,91.7,0.1342606149341142
TE,ATL,Kyle Pitts,17,774,1045.945945945946,74,0,14,9,108.6,0.14031007751937985
TE,CAR,Tommy Tremble,15,492,1004.0816326530612,49,1,7,5,33.1,0.06727642276422764
TE,LAC,Tre' McKitty,6,152,447.0588235294117,34,0,5,4,4.5,0.029605263157894735
TE,WAS,John Bates,13,473,844.6428571428571,56,0,5,4,30.9,0.0653276955602537
TE,PHI,Jack Stoll,6,171,397.6744186046512,43,0,3,2,2.2,0.012865497076023392
TE,DET,Brock Wright,8,270,509.4339622641509,53,0,6,4,23.7,0.08777777777777777
TE,DET,Shane Zylstra,3,82,195.23809523809524,42,0,9,4,3.4,0.041463414634146344
